<application>
  <component name="PropertiesComponent">
    <property name="CommitChangeListDialog.DETAILS_SPLITTER_PROPORTION_2" value="0.7470449" />
    <property name="CommitChangeListDialog.SPLITTER_PROPORTION_2" value="0.6915078" />
    <property name="Copy.OpenInEditor" value="true" />
    <property name="DocumentationAutoUpdateEnabled" value="true" />
    <property name="ExpandBeforeRunStepsPanel" value="true" />
    <property name="ExpandRunDashboardTypesPanel" value="false" />
    <property name="PyCharm.InitialConfiguration" value="true" />
    <property name="PyCharm.InitialConfiguration.V2" value="true" />
    <property name="PyCharm.InitialConfiguration.V3" value="true" />
    <property name="PyCharm.InitialConfiguration.V4" value="true" />
    <property name="PyCharm.InitialConfiguration.V5" value="true" />
    <property name="PyCharm.InitialConfiguration.V6" value="true" />
    <property name="PyCharm.InitialConfiguration.V7" value="true" />
    <property name="PyCharm.initialConfigurationShown" value="true" />
    <property name="ShowDocumentationInToolWindow" value="true" />
    <property name="SplitFileEditor.Proportion" value="0.5230447" />
    <property name="dir.diff.panel.divider.location" value="354" />
    <property name="dir.diff.space.button.info" value="1" />
    <property name="evlsprt3.183" value="10" />
    <property name="export.settings.path" value="C:\Users\Administrator\.PyCharm2018.3\config\newdonkeycar_settings.zip" />
    <property name="file.chooser.recent.files" value="C:/my_workplace/project/newdonkeycar&#10;C:/my_workplace/project/mydonkeycar&#10;C:/my_workplace/jupyter/projects/wbcar/donkeycar&#10;C:/my_workplace/jupyter/projects/wbcar&#10;C:/my_workplace/jupyter/projects/mycar&#10;C:/my_workplace/jupyter/projects/EV3BT&#10;C:/ProgramData/Anaconda3/envs/donkey/python.exe&#10;C:/my_workplace/jupyter/projects/donkeycar&#10;C:/my_workplace/jupyter/projects" />
    <property name="file.gist.reindex.count" value="95841" />
    <property name="fileTypeChangedCounter" value="1" />
    <property name="lastTip" value="17" />
    <property name="quick.doc.font.size" value="SMALL" />
    <property name="ts.lib.d.ts.version" value="3.2.1" />
  </component>
  <component name="PyTestFrameworkService">
    <option name="SDK_TO_PYTEST">
      <map>
        <entry key="C:\ProgramData\Anaconda3\envs\donkey\python.exe" value="false" />
        <entry key="C:\my_workplace\project\mydonkeycar\venv\Scripts\python.exe" value="true" />
        <entry key="sftp://pi@192.168.31.254:22/usr/bin/python3.5" value="false" />
      </map>
    </option>
    <option name="SDK_TO_NOSETEST">
      <map>
        <entry key="C:\ProgramData\Anaconda3\envs\donkey\python.exe" value="true" />
        <entry key="C:\my_workplace\project\mydonkeycar\venv\Scripts\python.exe" value="false" />
        <entry key="sftp://pi@192.168.31.254:22/usr/bin/python3.5" value="false" />
      </map>
    </option>
    <option name="SDK_TO_TRIALTEST">
      <map>
        <entry key="C:\ProgramData\Anaconda3\envs\donkey\python.exe" value="false" />
        <entry key="C:\my_workplace\project\mydonkeycar\venv\Scripts\python.exe" value="false" />
        <entry key="sftp://pi@192.168.31.254:22/usr/bin/python3.5" value="false" />
      </map>
    </option>
  </component>
</application>