<application>
  <component name="WebServers">
    <option name="servers">
      <webServer id="1424a0ba-2c77-4347-a3dd-f760cce8877b" name="Raspberry Pi" url="">
        <fileTransfer host="192.168.31.254" port="22" rootFolder="/home/pi" accessType="SFTP">
          <advancedOptions>
            <advancedOptions dataProtectionLevel="Private" passiveMode="true" shareSSLContext="true" />
          </advancedOptions>
          <option name="port" value="22" />
        </fileTransfer>
      </webServer>
    </option>
  </component>
</application>